<?xml version="1.0" encoding="utf-8"?>
<!-- File created by the Android Action Bar Style Generator

     Copyright (C) 2011 The Android Open Source Project
     Copyright (C) 2012 readyState Software Ltd

     Licensed under the Apache License, Version 2.0 (the "License");
     you may not use this file except in compliance with the License.
     You may obtain a copy of the License at
  
          http://www.apache.org/licenses/LICENSE-2.0
  
     Unless required by applicable law or agreed to in writing, software
     distributed under the License is distributed on an "AS IS" BASIS,
     WITHOUT WARRANTIES OR CONDITIONS OF ANY KIND, either express or implied.
     See the License for the specific language governing permissions and
     limitations under the License.
-->

<selector xmlns:android="http://schemas.android.com/apk/res/android">
    <!-- Non focused states -->
    <item android:state_focused="false" android:state_selected="false" android:state_pressed="false" android:drawable="@drawable/tab_unselected_example" />
    <item android:state_focused="false" android:state_selected="true"  android:state_pressed="false" android:drawable="@drawable/tab_selected_example" />

    <!-- Focused states -->
    <item android:state_focused="true" android:state_selected="false" android:state_pressed="false" android:drawable="@drawable/tab_unselected_focused_example" />
    <item android:state_focused="true" android:state_selected="true"  android:state_pressed="false" android:drawable="@drawable/tab_selected_focused_example" />

    <!-- Pressed -->
    <!--    Non focused states -->
    <item android:state_focused="false" android:state_selected="false" android:state_pressed="true" android:drawable="@drawable/tab_unselected_pressed_example" />
    <item android:state_focused="false" android:state_selected="true"  android:state_pressed="true" android:drawable="@drawable/tab_selected_pressed_example" />

    <!--    Focused states -->
    <item android:state_focused="true" android:state_selected="false" android:state_pressed="true" android:drawable="@drawable/tab_unselected_pressed_example" />
    <item android:state_focused="true" android:state_selected="true"  android:state_pressed="true" android:drawable="@drawable/tab_selected_pressed_example" />
</selector>
